{
  "setting": {},
  "condition": {
    "plugin": {
      "list": []
    },
    "game": {
      "list": []
    },
    "gamePlugin": {
      "list": []
    },
    "miniprogram": {
      "list": [
        {
          "id": -1,
          "name": "db guide",
          "pathName": "pages/databaseGuide/databaseGuide",
          "query": ""
        },
        {
          "name": "pages/index/index",
          "pathName": "pages/index/index",
          "query": "",
          "scene": null
        },
        {
          "name": "pages/user/user",
          "pathName": "pages/user/user",
          "query": "",
          "scene": null
        },
        {
          "name": "pages/isMe/isMe",
          "pathName": "pages/isMe/isMe",
          "query": "",
          "scene": null
        },
        {
          "name": "pages/vx/vx",
          "pathName": "pages/vx/vx",
          "query": "",
          "scene": null
        },
        {
          "name": "pages/",
          "pathName": "pages/hall/hall",
          "query": "",
          "scene": null
        },
        {
          "name": "pages/hall/hall",
          "pathName": "pages/hall/hall",
          "query": "",
          "scene": null
        },
        {
          "name": "pages/input/input",
          "pathName": "pages/input/input",
          "query": "",
          "scene": null
        },
        {
          "name": "pages/dating/dating",
          "pathName": "pages/dating/dating",
          "query": "",
          "scene": null
        },
        {
          "name": "pages/task/task",
          "pathName": "pages/task/task",
          "query": "",
          "scene": null
        },
        {
          "name": "pages/account/account",
          "pathName": "pages/account/account",
          "query": "",
          "scene": null
        },
        {
          "name": "pages/account/account",
          "pathName": "pages/account/account",
          "query": "",
          "scene": null
        },
        {
          "name": "pages/account/takeMoney/takemoney",
          "pathName": "pages/account/takeMoney/takemoney",
          "query": "",
          "scene": null
        },
        {
          "name": "pages/isMe/qqEmail/qqEmail",
          "pathName": "pages/isMe/qqEmail/qqEmail",
          "query": "",
          "scene": null
        },
        {
          "name": "pages/account/deposit/deposit",
          "pathName": "pages/account/deposit/deposit",
          "query": "",
          "scene": null
        },
        {
          "name": "pages/task/task",
          "pathName": "pages/task/task",
          "query": "",
          "scene": null
        },
        {
          "name": "pages/task/taskContent/taskContent",
          "pathName": "pages/task/taskContent/taskContent",
          "query": "",
          "scene": null
        },
        {
          "name": "pages/account/deposit/deposit",
          "pathName": "pages/account/deposit/deposit",
          "query": "",
          "scene": null
        },
        {
          "name": "pages/user/myPublish/myPublish",
          "pathName": "pages/user/myPublish/myPublish",
          "query": "",
          "scene": null
        },
        {
          "name": "pages/user/myPublish/reviseContent/reviseContent",
          "pathName": "pages/user/myPublish/reviseContent/reviseContent",
          "query": "",
          "scene": null
        },
        {
          "name": "pages/user/myList/myList",
          "pathName": "pages/user/myList/myList",
          "query": "",
          "scene": null
        },
        {
          "name": "pages/hall/hall",
          "pathName": "pages/hall/hall",
          "query": "",
          "scene": null
        },
        {
          "name": "pages/hall/hall",
          "pathName": "pages/account/depositMoney/depositMoney",
          "query": "",
          "scene": null
        },
        {
          "name": "pages/account/depositMoney/depositMoney",
          "pathName": "pages/account/depositMoney/depositMoney",
          "query": "",
          "scene": null
        },
        {
          "name": "pages/concerning/concerning",
          "pathName": "pages/concerning/concerning",
          "query": "",
          "scene": null
        },
        {
          "name": "pages/license/license",
          "pathName": "pages/license/license",
          "query": "",
          "scene": null
        },
        {
          "name": "pages/license/gather/gather",
          "pathName": "pages/license/gather/gather",
          "query": "",
          "scene": null
        }
      ]
    }
  }
}